frame,time_s,volume_m3,reservoir_volume_m3,outflow_m3,balance_error_m3,max_depth_m,max_speed_m_s,min_raw_depth_m
0,0.000000000,19684617.724713966,19684617.724714011,0.000000000,0.000000000e+00,61.183926161,0.000000000,0.000000000e+00
1,1.500000000,19684617.724713966,19684617.724714011,0.000000000,0.000000000e+00,61.183926161,0.000000000,0.000000000e+00
2,3.000000000,19684617.724713966,19684617.724714011,0.000000000,0.000000000e+00,61.183926161,0.000000000,0.000000000e+00
3,4.500000000,19684617.724713966,19684617.724714011,0.000000000,0.000000000e+00,61.183926161,0.000000000,0.000000000e+00
4,6.000000000,19684617.724713966,19684617.724714011,0.000000000,0.000000000e+00,61.183926161,0.000000000,0.000000000e+00
5,7.500000000,19684617.724713966,19684617.724714011,0.000000000,0.000000000e+00,61.183926161,0.000000000,0.000000000e+00
6,9.000000000,19684617.724713966,19684617.724714011,0.000000000,0.000000000e+00,61.183926161,0.000000000,0.000000000e+00
7,10.500000000,19684617.724713966,19684617.724714011,0.000000000,0.000000000e+00,61.183926161,0.000000000,0.000000000e+00
8,12.000000000,19684617.724713966,19684617.724714011,0.000000000,0.000000000e+00,61.183926161,0.000000000,0.000000000e+00
9,13.500000000,19684617.724713966,19684617.724714011,0.000000000,0.000000000e+00,61.183926161,0.000000000,0.000000000e+00
10,15.000000000,19684617.724713966,19684617.724714011,0.000000000,0.000000000e+00,61.183926161,0.000000000,0.000000000e+00
11,16.500000000,19684617.724713966,19684617.724714011,0.000000000,0.000000000e+00,61.183926161,0.000000000,0.000000000e+00
12,18.000000000,19684617.724713966,19684617.724714011,0.000000000,0.000000000e+00,61.183926161,0.000000000,0.000000000e+00
13,19.500000000,19684617.724713966,19684617.724714011,0.000000000,0.000000000e+00,61.183926161,0.000000000,0.000000000e+00
14,21.000000000,19684617.724713966,19684617.724714011,0.000000000,0.000000000e+00,61.183926161,0.000000000,0.000000000e+00
15,22.500000000,19684617.724713966,19684617.724714011,0.000000000,0.000000000e+00,61.183926161,0.000000000,0.000000000e+00
16,24.000000000,19684617.724713966,19684617.724714011,0.000000000,0.000000000e+00,61.183926161,0.000000000,0.000000000e+00
17,25.500000000,19684617.724713966,19684617.724714011,0.000000000,0.000000000e+00,61.183926161,0.000000000,0.000000000e+00
18,27.000000000,19684617.724713966,19684617.724714011,0.000000000,0.000000000e+00,61.183926161,0.000000000,0.000000000e+00
19,28.500000000,19684617.724713966,19684617.724714011,0.000000000,0.000000000e+00,61.183926161,0.000000000,0.000000000e+00
20,30.000000000,19684617.724713966,19684617.724714011,0.000000000,0.000000000e+00,61.183926161,0.000000000,0.000000000e+00
21,31.500000000,19684617.724713981,19477475.043938603,0.000000000,1.490116119e-08,61.183926161,10.414923116,0.000000000e+00
22,33.000000000,19684617.724713966,19317820.824970923,0.000000000,0.000000000e+00,61.183926161,13.190728619,0.000000000e+00
23,34.500000000,19684617.724713977,19166031.915451229,0.000000000,1.117587090e-08,61.183893785,15.270486960,0.000000000e+00
24,36.000000000,19684617.724713985,19013920.745482925,0.000000000,1.862645149e-08,61.179453729,17.125078258,0.000000000e+00
25,37.500000000,19684617.724714011,18859003.437547754,0.000000000,4.470348358e-08,61.116835977,19.125976797,0.000000000e+00
26,39.000000000,19684617.724713981,18700823.937810399,0.000000000,1.490116119e-08,60.945436804,21.081911828,0.000000000e+00
27,40.500000000,19684617.724714030,18539718.433241941,0.000000000,6.332993507e-08,60.698603915,23.275201804,0.000000000e+00
28,42.000000000,19684617.724714011,18376392.254446167,0.000000000,4.470348358e-08,60.405596541,25.612298372,0.000000000e+00
29,43.500000000,19684617.724713981,18211636.960501235,0.000000000,1.490116119e-08,60.265490705,28.057712325,0.000000000e+00
30,45.000000000,19684617.724714011,18046308.669337418,0.000000000,4.470348358e-08,59.977547892,30.329282635,0.000000000e+00
31,46.500000000,19684617.724713996,17881168.086326636,0.000000000,2.980232239e-08,59.530219405,32.487083479,0.000000000e+00
32,48.000000000,19684617.724714018,17716757.305275593,0.000000000,5.215406418e-08,59.036315365,34.383194859,0.000000000e+00
33,49.500000000,19684617.724714011,17553401.937501252,0.000000000,4.470348358e-08,58.465781741,35.912588088,0.000000000e+00
34,51.000000000,19684617.724713996,17391238.786552794,0.000000000,2.980232239e-08,57.843156129,37.194806688,0.000000000e+00
35,52.500000000,19684617.724714011,17230272.027159996,0.000000000,4.470348358e-08,57.203297154,38.061471168,0.000000000e+00
36,54.000000000,19684617.724714011,17070427.496081840,0.000000000,4.470348358e-08,56.563574467,38.701907613,0.000000000e+00
37,55.500000000,19684617.724714022,16911590.057424810,0.000000000,5.587935448e-08,55.926690862,39.510740748,0.000000000e+00
38,57.000000000,19684617.724714022,16753632.311397955,0.000000000,5.587935448e-08,55.287015400,41.108055610,0.000000000e+00
39,58.500000000,19684617.724713996,16596429.887936587,0.000000000,2.980232239e-08,54.636697010,42.581281754,0.000000000e+00
40,60.000000000,19684617.724713977,16439871.873309748,0.000000000,1.117587090e-08,53.969865502,43.451241287,0.000000000e+00
41,61.500000000,19684617.724714007,16283869.776300952,0.000000000,4.097819328e-08,53.295003938,44.124890686,0.000000000e+00
42,63.000000000,19684617.724714015,16128372.559543431,0.000000000,4.842877388e-08,53.292357012,44.527599827,0.000000000e+00
43,64.500000000,19684617.724714018,15973340.010771181,0.000000000,5.215406418e-08,53.286456872,44.720602470,0.000000000e+00
44,66.000000000,19684617.724714037,15818729.626186119,0.000000000,7.078051567e-08,53.274784848,44.788404105,0.000000000e+00
45,67.500000000,19684617.724713989,15664539.139885886,0.000000000,2.235174179e-08,53.253948371,44.772618442,0.000000000e+00
46,69.000000000,19684617.724713985,15510798.692413285,0.000000000,1.862645149e-08,53.219902904,44.721718308,0.000000000e+00
47,70.500000000,19684617.724714037,15357562.416919610,0.000000000,7.078051567e-08,53.168334990,44.630069516,0.000000000e+00
48,72.000000000,19684617.724714011,15204887.260144711,0.000000000,4.470348358e-08,53.095131688,44.511023390,0.000000000e+00
49,73.500000000,19684617.724714007,15052847.205832731,0.000000000,4.097819328e-08,52.996787453,44.375613290,0.000000000e+00
50,75.000000000,19684617.724714041,14901526.690059258,0.000000000,7.450580597e-08,52.870684880,44.232587515,0.000000000e+00
51,76.500000000,19684617.724714022,14751021.249559091,0.000000000,5.587935448e-08,52.715235497,44.089499402,0.000000000e+00
52,78.000000000,19684617.724714011,14601441.455652082,0.000000000,4.470348358e-08,52.529883316,44.568951515,0.000000000e+00
53,79.500000000,19684617.724714011,14452915.363504499,0.000000000,4.470348358e-08,52.314998559,45.483757544,0.000000000e+00
54,81.000000000,19684617.724713977,14305588.772724301,0.000000000,1.117587090e-08,52.071717027,46.123338864,0.000000000e+00
55,82.500000000,19684617.724713985,14159624.403670080,0.000000000,1.862645149e-08,51.801723541,46.466789292,0.000000000e+00
56,84.000000000,19684617.724714004,14015197.489330934,0.000000000,3.725290298e-08,51.507031676,46.660874385,0.000000000e+00
57,85.500000000,19684617.724714015,13872497.145922869,0.000000000,4.842877388e-08,51.189755639,46.805475019,0.000000000e+00
58,87.000000000,19684617.724714026,13731699.995497253,0.000000000,5.960464478e-08,50.851848524,46.997593217,0.000000000e+00
59,88.500000000,19684617.724714022,13592961.585248718,0.000000000,5.587935448e-08,50.494753888,47.232370889,0.000000000e+00
60,90.000000000,19684617.724713996,13456432.307305476,0.000000000,2.980232239e-08,50.119534235,47.424984525,0.000000000e+00
61,91.500000000,19684617.724713981,13322245.033461891,0.000000000,1.490116119e-08,49.727232712,47.491627944,0.000000000e+00
62,93.000000000,19684617.724713985,13190509.591137547,0.000000000,1.862645149e-08,49.318989091,47.466896042,0.000000000e+00
63,94.500000000,19684617.724713985,13061310.399759548,0.000000000,1.862645149e-08,48.896098594,47.401747735,0.000000000e+00
64,96.000000000,19684617.724713955,12934707.962207887,0.000000000,-1.117587090e-08,48.459573572,47.319272330,0.000000000e+00
65,97.500000000,19684617.724713974,12810761.915180108,0.000000000,7.450580597e-09,48.009981844,47.230333561,0.000000000e+00
66,99.000000000,19684617.724714011,12689471.792693136,0.000000000,4.470348358e-08,47.548057522,47.141417968,0.000000000e+00
67,100.500000000,19684617.724713985,12570816.792518264,0.000000000,1.862645149e-08,47.075184943,47.057205565,0.000000000e+00
68,102.000000000,19684617.724713996,12454762.035149174,0.000000000,2.980232239e-08,46.593368444,46.980958808,0.000000000e+00
69,103.500000000,19684617.724714015,12341256.811817260,0.000000000,4.842877388e-08,46.104953184,46.914459215,0.000000000e+00
70,105.000000000,19684617.724714018,12230236.173663247,0.000000000,5.215406418e-08,45.612317115,46.858097776,0.000000000e+00
71,106.500000000,19684617.724714056,12121623.400244126,0.000000000,8.940696716e-08,45.117648067,46.811160660,0.000000000e+00
72,108.000000000,19684617.724714048,12015336.496481590,0.000000000,8.195638657e-08,44.622849052,46.772162048,0.000000000e+00
73,109.500000000,19684617.724713966,11911286.235663604,0.000000000,0.000000000e+00,44.129540588,46.739114033,0.000000000e+00
74,111.000000000,19684617.724714030,11809374.373647181,0.000000000,6.332993507e-08,43.639110283,46.709776156,0.000000000e+00
75,112.500000000,19684617.724714037,11709502.466198578,0.000000000,7.078051567e-08,43.152765496,46.681763101,0.000000000e+00
76,114.000000000,19684617.724714007,11611578.930383544,0.000000000,4.097819328e-08,42.671569601,46.652587440,0.000000000e+00
77,115.500000000,19684617.724714018,11515493.433952883,0.000000000,5.215406418e-08,42.232227202,46.619757402,0.000000000e+00
78,117.000000000,19684617.724714026,11421143.688053405,0.000000000,5.960464478e-08,42.107201949,46.580849035,0.000000000e+00
79,118.500000000,19684617.724714037,11328432.743624350,0.000000000,7.078051567e-08,41.986103102,46.533646902,0.000000000e+00
80,120.000000000,19684617.724713996,11237267.138376996,0.000000000,2.980232239e-08,41.868361360,46.476201071,0.000000000e+00
81,121.500000000,19684617.724714011,11147556.481386425,0.000000000,4.470348358e-08,41.753395286,46.406800251,0.000000000e+00
82,123.000000000,19684617.724714052,11059213.234051567,0.000000000,8.568167686e-08,41.640621216,46.324009083,0.000000000e+00
83,124.500000000,19684617.724713970,10972152.602453720,0.000000000,3.725290298e-09,41.529448292,46.226681447,0.000000000e+00
84,126.000000000,19684617.724713970,10886293.615651140,0.000000000,3.725290298e-09,41.419295093,46.241183187,0.000000000e+00
85,127.500000000,19684617.724713996,10801561.814170778,0.000000000,2.980232239e-08,41.309594929,47.895935639,0.000000000e+00
86,129.000000000,19684617.724713992,10717889.761680285,0.000000000,2.607703209e-08,41.199792201,48.825886624,0.000000000e+00
87,130.500000000,19684617.724714085,10635216.250430349,0.000000000,1.192092896e-07,41.089350455,49.552849332,0.000000000e+00
88,132.000000000,19684617.724713977,10553487.466524271,0.000000000,1.117587090e-08,40.977754013,50.325729242,0.000000000e+00
89,133.500000000,19684617.724713996,10472656.775176033,0.000000000,2.980232239e-08,40.864549225,50.888789990,0.000000000e+00
90,135.000000000,19684617.724713996,10392685.434844349,0.000000000,2.980232239e-08,40.749328769,51.251460418,0.000000000e+00
91,136.500000000,19684617.724714022,10313543.423163602,0.000000000,5.587935448e-08,40.631783744,51.454455392,0.000000000e+00
92,138.000000000,19684617.724713951,10235209.550638061,0.000000000,-1.490116119e-08,40.511691995,51.567211288,0.000000000e+00
93,139.500000000,19684617.724714018,10157669.527526619,0.000000000,5.215406418e-08,40.388913956,51.635160247,0.000000000e+00
94,141.000000000,19684617.724713966,10080921.751395017,0.000000000,0.000000000e+00,40.263379656,51.676917343,0.000000000e+00
95,142.500000000,19684617.724714000,10004972.750216657,0.000000000,3.352761269e-08,40.135049198,51.702175851,0.000000000e+00
96,144.000000000,19684617.724714004,9929835.845377900,0.000000000,3.725290298e-08,40.003878527,51.714635333,0.000000000e+00
97,145.500000000,19684617.724714026,9855530.500146754,0.000000000,5.960464478e-08,39.869829910,51.718956704,0.000000000e+00
98,147.000000000,19684617.724713992,9782081.279908516,0.000000000,2.607703209e-08,39.732921059,51.721476698,0.000000000e+00
99,148.500000000,19684617.724713951,9709516.501057053,0.000000000,-1.490116119e-08,39.593292957,51.723506893,0.000000000e+00
100,150.000000000,19684617.724714100,9637866.934698269,0.000000000,1.341104507e-07,39.451253581,51.722702528,0.000000000e+00
101,151.500000000,19684617.724714059,9567164.920306582,0.000000000,9.313225746e-08,39.307272634,51.716642884,0.000000000e+00
102,153.000000000,19684617.724713985,9497443.374957977,0.000000000,1.862645149e-08,39.161942237,51.718929204,0.000000000e+00
103,154.500000000,19684617.724714048,9428734.746378245,0.000000000,8.195638657e-08,39.015913376,51.705718543,0.000000000e+00
104,156.000000000,19684617.724713966,9361065.090474160,0.000000000,0.000000000e+00,38.869819497,51.676432189,0.000000000e+00
105,157.500000000,19684617.724714018,9294459.702671835,0.000000000,5.215406418e-08,38.724212366,51.631871674,0.000000000e+00
106,159.000000000,19684617.724714033,9228947.537394667,0.000000000,6.705522537e-08,38.579531430,51.572113328,0.000000000e+00
107,160.500000000,19684617.724714041,9164556.075554598,0.000000000,7.450580597e-08,38.436100634,51.496945915,0.000000000e+00
108,162.000000000,19684617.724713951,9101303.587011753,0.000000000,-1.490116119e-08,38.294140148,51.406347845,0.000000000e+00
109,163.500000000,19684617.724713996,9039203.133839704,0.000000000,2.980232239e-08,38.153782442,51.300582298,0.000000000e+00
110,165.000000000,19684617.724714022,8978263.177342933,0.000000000,5.587935448e-08,38.015089170,51.180265947,0.000000000e+00
111,166.500000000,19684617.724713963,8918487.463414241,0.000000000,-3.725290298e-09,37.878071424,51.046248841,0.000000000e+00
112,168.000000000,19684617.724714011,8859875.268189000,0.000000000,4.470348358e-08,37.742714643,50.899563052,0.000000000e+00
113,169.500000000,19684617.724714018,8802421.613514295,0.000000000,5.215406418e-08,37.609003733,50.741521831,0.000000000e+00
114,171.000000000,19684617.613699645,8746117.801995844,0.111014329,7.450580597e-09,37.476940978,50.573421412,0.000000000e+00
115,172.500000000,19682076.536491163,8690951.579000972,2541.188222846,4.097819328e-08,37.346553666,50.446517262,0.000000000e+00
116,174.000000000,19653206.012038987,8636908.358956588,31411.712675008,2.980232239e-08,37.217895338,50.868788037,0.000000000e+00
117,175.500000000,19587931.914214764,8583971.432688259,96685.810499239,3.725290298e-08,37.091039190,51.181705652,0.000000000e+00
118,177.000000000,19501758.178969309,8532121.588504476,182859.545744672,1.490116119e-08,36.966067504,52.073789795,0.000000000e+00
119,178.500000000,19405579.663345378,8481337.845073881,279038.061368640,5.215406418e-08,36.843059364,52.875287649,0.000000000e+00
120,180.000000000,19303388.791158427,8431598.004848564,381228.933555583,4.470348358e-08,36.722079622,53.404079540,0.000000000e+00
121,181.500000000,19196570.728677060,8382879.323320238,488046.996037028,1.229345798e-07,36.603172349,53.807474553,0.000000000e+00
122,183.000000000,19085915.134538565,8335157.426983180,598702.590175365,-3.725290298e-08,36.486357343,54.127005264,0.000000000e+00
123,184.500000000,18972020.829203129,8288406.635843111,712596.895510856,1.862645149e-08,36.371629556,54.391336996,0.000000000e+00
124,186.000000000,18855286.662595287,8242595.405313577,829331.062118768,8.940696716e-08,36.258960701,54.619896988,0.000000000e+00
125,187.500000000,18736042.118446238,8197694.894568270,948575.606267792,6.332993507e-08,36.148301910,54.817330141,0.000000000e+00
126,189.000000000,18614689.049928650,8153682.201035905,1069928.674785330,1.490116119e-08,36.039588060,54.982831966,0.000000000e+00
127,190.500000000,18491573.061308485,8110534.048583268,1193044.663405527,4.470348358e-08,35.932742497,55.116306876,0.000000000e+00
128,192.000000000,18367032.466799751,8068226.932716333,1317585.257914225,1.117587090e-08,35.827680373,55.215774237,0.000000000e+00
129,193.500000000,18241382.066130567,8026737.478179608,1443235.658583434,3.352761269e-08,35.724309562,55.281951240,0.000000000e+00
130,195.000000000,18114765.388148751,7986042.928520277,1569852.336565171,-4.470348358e-08,35.622530954,55.320655489,0.000000000e+00
131,196.500000000,17987662.969399799,7946122.707809919,1696954.755314233,6.705522537e-08,35.522241305,55.333618861,0.000000000e+00
132,198.000000000,17860445.869536422,7906956.764178565,1824171.855177600,5.587935448e-08,35.423338129,55.320632687,0.000000000e+00
133,199.500000000,17733423.348013278,7868523.771167142,1951194.376700731,4.470348358e-08,35.325726526,55.282382528,0.000000000e+00
134,201.000000000,17606863.291896798,7830802.741667391,2077754.432817206,3.725290298e-08,35.229323659,55.220264861,0.000000000e+00
135,202.500000000,17480990.855888162,7793773.608883373,2203626.868825826,2.235174179e-08,35.134056644,55.136361084,0.000000000e+00
136,204.000000000,17355990.274861820,7757417.388985907,2328627.449852159,1.117587090e-08,35.039858489,55.033197802,0.000000000e+00
137,205.500000000,17232010.383902833,7721716.291788872,2452607.340811223,8.940696716e-08,34.946666561,54.913454754,0.000000000e+00
138,207.000000000,17109170.035327494,7686656.002520042,2575447.689386536,6.332993507e-08,34.854427593,54.779773891,0.000000000e+00
139,208.500000000,16987563.119535454,7652222.237189466,2697054.605178602,8.940696716e-08,34.763104939,54.634473639,0.000000000e+00
140,210.000000000,16867270.957667034,7618398.988378569,2817346.767046997,6.332993507e-08,34.672679115,54.477851111,0.000000000e+00
141,211.500000000,16748365.187101284,7585172.214015741,2936252.537612720,3.725290298e-08,34.583139068,54.309612851,0.000000000e+00
142,213.000000000,16630879.731885970,7552529.110553933,3053737.992828036,3.725290298e-08,34.494470280,54.131997297,0.000000000e+00
143,214.500000000,16514808.345663154,7520457.695574585,3169809.379050864,5.215406418e-08,34.406642273,53.947475230,0.000000000e+00
144,216.000000000,16400176.906099031,7488946.577639665,3284440.818615012,7.450580597e-08,34.319612819,53.758297343,0.000000000e+00
145,217.500000000,16287028.126661319,7457984.836373206,3397589.598052695,4.842877388e-08,34.233342028,53.566024533,0.000000000e+00
146,219.000000000,16175390.297086971,7427561.981025545,3509227.427627028,3.352761269e-08,34.147807725,53.372153424,0.000000000e+00
147,220.500000000,16065261.357118055,7397667.968102342,3619356.367595898,-1.490116119e-08,34.063023007,53.177969354,0.000000000e+00
148,222.000000000,15956629.125939408,7368293.279538930,3727988.598774599,4.097819328e-08,33.979041947,52.984138703,0.000000000e+00
149,223.500000000,15849471.570843169,7339428.983317238,3835146.153870850,5.215406418e-08,33.895947333,52.791382418,0.000000000e+00
150,225.000000000,15743757.063674051,7311066.492619678,3940860.661039961,4.470348358e-08,33.813828778,52.600456390,0.000000000e+00
151,226.500000000,15639448.038666146,7283197.606527078,4045169.686047830,1.117587090e-08,33.732763676,52.412064030,0.000000000e+00
152,228.000000000,15536505.958622683,7255814.268500762,4148111.766091343,5.960464478e-08,33.652806050,52.226628539,0.000000000e+00
153,229.500000000,15434892.219774405,7228908.340626774,4249725.504939555,-7.450580597e-09,33.573980181,52.044642224,0.000000000e+00
154,231.000000000,15334566.048667751,7202472.051710893,4350051.676046268,5.215406418e-08,33.496281178,51.866653212,0.000000000e+00
155,232.500000000,15235482.818246214,7176497.907014561,4449134.906467766,1.490116119e-08,33.419679686,51.693287716,0.000000000e+00
156,234.000000000,15137596.993456487,7150978.149573846,4547020.731257538,5.960464478e-08,33.344127424,51.524613723,0.000000000e+00
157,235.500000000,15040873.590450518,7125905.089091416,4643744.134263506,5.960464478e-08,33.269560364,51.358239277,0.000000000e+00
158,237.000000000,14945288.113392951,7101270.934764572,4739329.611321028,1.490116119e-08,33.195899690,51.192740943,0.000000000e+00
159,238.500000000,14850809.278064771,7077067.700026006,4833808.446649240,4.470348358e-08,33.123055458,51.028869801,0.000000000e+00
160,240.000000000,14757399.970323531,7053287.306421387,4927217.754390472,3.725290298e-08,33.050936514,50.867575363,0.000000000e+00
161,241.500000000,14665023.525924349,7029921.663534797,5019594.198789665,4.842877388e-08,32.979464154,50.709414189,0.000000000e+00
162,243.000000000,14573645.870524108,7006962.735744928,5110971.854189890,3.352761269e-08,32.908583456,50.554697171,0.000000000e+00
163,244.500000000,14483235.145699123,6984402.599652026,5201382.579014862,1.862645149e-08,32.838267833,50.403730258,0.000000000e+00
164,246.000000000,14393758.841368726,6962233.489495718,5290858.883345282,4.097819328e-08,32.768517584,50.256781612,0.000000000e+00
165,247.500000000,14305182.410673663,6940447.813986314,5379435.314040346,4.470348358e-08,32.699353022,50.114018465,0.000000000e+00
166,249.000000000,14217469.876712546,6919038.110891621,5467147.848001439,1.862645149e-08,32.630805327,49.975473680,0.000000000e+00
167,250.500000000,14130587.727168860,6897997.189898432,5554029.997545181,7.450580597e-08,32.562910353,49.840822608,0.000000000e+00
168,252.000000000,14044509.827907931,6877318.105588002,5640107.896806076,4.097819328e-08,32.495702149,49.709434778,0.000000000e+00
169,253.500000000,13959217.974435735,6856994.129063212,5725399.750278278,4.842877388e-08,32.429580980,49.580631038,0.000000000e+00
170,255.000000000,13874699.515085580,6837018.739799847,5809918.209628416,2.980232239e-08,32.365362366,49.453880445,0.000000000e+00
171,256.500000000,13790944.473096538,6817385.615612551,5893673.251617458,2.980232239e-08,32.301822485,49.328877664,0.000000000e+00
172,258.000000000,13707943.459432723,6798088.550235466,5976674.265281274,2.980232239e-08,32.238982778,49.205503682,0.000000000e+00
173,259.500000000,13625686.270777937,6779123.579400989,6058931.453936102,7.450580597e-08,32.176857711,49.083827350,0.000000000e+00
174,261.000000000,13544161.610684151,6760484.580719722,6140456.114029773,-4.470348358e-08,32.115454921,48.963880383,0.000000000e+00
175,262.500000000,13463360.096415211,6742164.294427183,6221257.628298785,2.980232239e-08,32.054776114,48.845116108,0.000000000e+00
176,264.000000000,13383277.692088567,6724156.674981539,6301340.032625453,5.215406418e-08,31.994818310,48.726744825,0.000000000e+00
177,265.500000000,13303915.445130702,6706456.155312255,6380702.279583273,7.450580597e-09,31.935575133,48.608165839,0.000000000e+00
178,267.000000000,13225273.734780844,6689057.402745194,6459343.989933185,6.332993507e-08,31.877037928,48.489349907,0.000000000e+00
179,268.500000000,13147349.415408723,6671955.231955772,6537268.309305306,6.332993507e-08,31.819196623,48.370421887,0.000000000e+00
180,270.000000000,13070139.747873850,6655144.625462527,6614477.976840165,4.842877388e-08,31.762040446,48.251191580,0.000000000e+00
181,271.500000000,12993645.847932074,6638620.596163109,6690971.876781906,1.490116119e-08,31.705558073,48.131278637,0.000000000e+00
182,273.000000000,12917879.265911914,6622378.238346805,6766738.458802069,1.490116119e-08,31.649738192,48.008485221,0.000000000e+00
183,274.500000000,12842859.774452910,6606412.719045395,6841757.950261115,5.960464478e-08,31.594569914,47.881097831,0.000000000e+00
184,276.000000000,12768597.710001070,6590719.270895796,6916020.014712952,5.587935448e-08,31.540043111,47.749877424,0.000000000e+00
185,277.500000000,12695099.870439626,6575293.185823223,6989517.854274369,2.980232239e-08,31.486148662,47.615500332,0.000000000e+00
186,279.000000000,12622375.720633628,6560129.809378121,7062242.004080401,6.332993507e-08,31.432878341,47.477995922,0.000000000e+00
187,280.500000000,12550437.335630288,6545224.535677721,7134180.389083731,5.215406418e-08,31.380224613,47.337165044,0.000000000e+00
188,282.000000000,12479297.278174523,6530572.793625602,7205320.446539512,6.705522537e-08,31.328180371,47.192835772,0.000000000e+00
189,283.500000000,12408969.599914117,6516170.049799318,7275648.124799909,5.960464478e-08,31.276738685,47.044688486,0.000000000e+00
190,285.000000000,12339472.080800390,6502011.819763550,7345145.643913652,7.450580597e-08,31.225892622,46.892199614,0.000000000e+00
191,286.500000000,12270824.312187841,6488093.659588197,7413793.412526119,-7.450580597e-09,31.175635178,46.735023674,0.000000000e+00
192,288.000000000,12203043.845376562,6474411.164142990,7481573.879337453,4.842877388e-08,31.125959300,46.573427449,0.000000000e+00
193,289.500000000,12136142.672405163,6460959.967415147,7548475.052308852,4.842877388e-08,31.076857918,46.407911857,0.000000000e+00
194,291.000000000,12070130.560476370,6447735.743823697,7614487.164237615,1.862645149e-08,31.028324118,46.239136967,0.000000000e+00
195,292.500000000,12005014.489346107,6434734.210468532,7679603.235367905,4.470348358e-08,30.980351264,46.067790612,0.000000000e+00
196,294.000000000,11940798.493381687,6421951.130526890,7743819.231332333,5.215406418e-08,30.932933152,45.894461864,0.000000000e+00
197,295.500000000,11877482.943357456,6409382.315652054,7807134.781356568,5.960464478e-08,30.886064214,45.719733859,0.000000000e+00
198,297.000000000,11815065.587369427,6397023.628129183,7869552.137344584,4.470348358e-08,30.839739725,45.544023595,0.000000000e+00
199,298.500000000,11753540.291671084,6384870.984374516,7931077.433042916,3.352761269e-08,30.793956067,45.367845736,0.000000000e+00
200,300.000000000,11692900.580510436,6372920.358585430,7991717.144203563,3.352761269e-08,30.748711063,45.191906630,0.000000000e+00
201,301.500000000,11633139.630397378,6361167.785718994,8051478.094316621,3.352761269e-08,30.704004321,45.016009228,0.000000000e+00
202,303.000000000,11574258.399561118,6349609.363729275,8110359.325152855,7.450580597e-09,30.659837501,44.836730188,0.000000000e+00
203,304.500000000,11516266.462665334,6338241.255725736,8168351.262048710,7.823109627e-08,30.616214428,44.651339891,0.000000000e+00
204,306.000000000,11459157.746206822,6327059.692759418,8225459.978507207,6.332993507e-08,30.573141000,44.461654331,0.000000000e+00
205,307.500000000,11402921.840644000,6316060.975035641,8281695.884070003,3.725290298e-08,30.530624943,44.269351969,0.000000000e+00
206,309.000000000,11347550.571101174,6305241.472347834,8337067.153612843,5.215406418e-08,30.488675478,44.075614096,0.000000000e+00
207,310.500000000,11293038.113112003,6294597.623646146,8391579.611602029,6.705522537e-08,30.447302956,43.881067674,0.000000000e+00
208,312.000000000,11239377.849164255,6284125.976863975,8445239.875549803,8.940696716e-08,30.406518619,43.685666341,0.000000000e+00
209,313.500000000,11186564.266925083,6273823.134907665,8498053.457788920,3.725290298e-08,30.366334075,43.489165055,0.000000000e+00
210,315.000000000,11134591.853181653,6263685.732962125,8550025.871532349,3.725290298e-08,30.326760884,43.291831744,0.000000000e+00
211,316.500000000,11083450.190912092,6253710.469903647,8601167.533801902,2.980232239e-08,30.287810408,43.094593482,0.000000000e+00
212,318.000000000,11033122.342686351,6243894.108360881,8651495.382027699,8.195638657e-08,30.249493635,42.898495635,0.000000000e+00
213,319.500000000,10983586.149677098,6234233.460623642,8701031.575036902,3.352761269e-08,30.211821028,42.704423178,0.000000000e+00
214,321.000000000,10934816.290208125,6224725.382793060,8749801.434505936,9.685754776e-08,30.174802375,42.513157225,0.000000000e+00
215,322.500000000,10886786.913420130,6215366.772146870,8797830.811293911,7.450580597e-08,30.138446638,42.325172638,0.000000000e+00
216,324.000000000,10839473.823342118,6206154.562896781,8845143.901371868,2.235174179e-08,30.102761804,42.140579214,0.000000000e+00
217,325.500000000,10792855.321335437,6197085.720924631,8891762.403378563,3.352761269e-08,30.067754756,41.959266903,0.000000000e+00
218,327.000000000,10746912.011891620,6188157.003752470,8937705.712822393,4.470348358e-08,30.033431167,41.780994639,0.000000000e+00
219,328.500000000,10701626.850527845,6179365.024129516,8982990.874186184,6.332993507e-08,29.999795412,41.605443838,0.000000000e+00
220,330.000000000,10656985.786929356,6170707.035854313,9027631.937784679,6.705522537e-08,29.966850510,41.432122036,0.000000000e+00
221,331.500000000,10612979.234009538,6162180.198852364,9071638.490704488,5.960464478e-08,29.934598073,41.259920762,0.000000000e+00
222,333.000000000,10569604.355959937,6153781.620632390,9115013.368754076,4.470348358e-08,29.903038293,41.086947701,0.000000000e+00
223,334.500000000,10526860.946637992,6145508.384343892,9157756.778076019,4.470348358e-08,29.872169936,40.912549166,0.000000000e+00
224,336.000000000,10484743.838753939,6137357.559519734,9199873.885960113,8.568167686e-08,29.841990365,40.737796614,0.000000000e+00
225,337.500000000,10443241.535152936,6129326.206519967,9241376.189561088,5.960464478e-08,29.812495545,40.564079209,0.000000000e+00
226,339.000000000,10402338.395172419,6121411.378695292,9282279.329541566,1.862645149e-08,29.783680069,40.392467548,0.000000000e+00
227,340.500000000,10362016.625243589,6113610.123837166,9322601.099470433,5.587935448e-08,29.755537225,40.223714157,0.000000000e+00
228,342.000000000,10322257.210249389,6105919.485693761,9362360.514464641,6.332993507e-08,29.728059105,40.058384975,0.000000000e+00
229,343.500000000,10283040.401675401,6098336.505292029,9401577.323038645,8.195638657e-08,29.701236760,39.896978118,0.000000000e+00
230,345.000000000,10244346.645919006,6090858.218380397,9440271.078795049,8.940696716e-08,29.675060372,39.739923333,0.000000000e+00
231,346.500000000,10206157.734231319,6083481.661780712,9478459.990482686,3.725290298e-08,29.649519423,39.587569038,0.000000000e+00
232,348.000000000,10168457.200075440,6076203.881058863,9516160.524638588,5.960464478e-08,29.624602822,39.440037636,0.000000000e+00
233,349.500000000,10131230.498645438,6069021.930731329,9553387.226068551,2.235174179e-08,29.600298998,39.297245704,0.000000000e+00
234,351.000000000,10094464.610891042,6061932.876697570,9590153.113823002,7.823109627e-08,29.576595948,39.159404743,0.000000000e+00
235,352.500000000,10058149.296140118,6054933.828770115,9626468.428573886,3.725290298e-08,29.553481457,39.024920255,0.000000000e+00
236,354.000000000,10022283.314696761,6048021.886173196,9662334.410017304,9.685754776e-08,29.530942744,38.889206267,0.000000000e+00
237,355.500000000,9986857.530435989,6041194.168097990,9697760.194278017,3.725290298e-08,29.508966636,38.752945674,0.000000000e+00
238,357.000000000,9951856.887595478,6034447.821384708,9732760.837118525,3.725290298e-08,29.487539609,38.617859433,0.000000000e+00
239,358.500000000,9917269.074362822,6027780.025063301,9767348.650351187,4.470348358e-08,29.466647805,38.484470842,0.000000000e+00
240,360.000000000,9883085.483954394,6021187.995083293,9801532.240759602,2.980232239e-08,29.446277053,38.352676311,0.000000000e+00
241,361.500000000,9849299.970618304,6014668.989269137,9835317.754095763,1.005828381e-07,29.426412910,38.222253900,0.000000000e+00
242,363.000000000,9815907.666627299,6008220.311463399,9868710.058086727,5.960464478e-08,29.407040687,38.093064186,0.000000000e+00
243,364.500000000,9782904.106808774,6001839.315624659,9901713.617905254,5.960464478e-08,29.388145487,37.965083738,0.000000000e+00
244,366.000000000,9750285.397459172,5995523.409987066,9934332.327254871,7.450580597e-08,29.369712233,37.837648496,0.000000000e+00
245,367.500000000,9718050.964440836,5989270.061504574,9966566.760273166,3.725290298e-08,29.351725705,37.708749721,0.000000000e+00
246,369.000000000,9686201.526398445,5983076.798672595,9998416.198315550,2.980232239e-08,29.334170572,37.577729143,0.000000000e+00
247,370.500000000,9654734.323796546,5976941.215391199,10029883.400917465,4.470348358e-08,29.317031455,37.445012612,0.000000000e+00
248,372.000000000,9623646.158567568,5970860.974269001,10060971.566146445,4.470348358e-08,29.300292933,37.310217750,0.000000000e+00
249,373.500000000,9592935.135355355,5964833.809603567,10091682.589358663,5.215406418e-08,29.283939582,37.173141670,0.000000000e+00
250,375.000000000,9562597.972875880,5958857.530032872,10122019.751838161,7.450580597e-08,29.267956059,37.034310136,0.000000000e+00
251,376.500000000,9532629.722772216,5952930.020943497,10151988.001941819,6.705522537e-08,29.252327162,36.894289293,0.000000000e+00
252,378.000000000,9503025.670663130,5947049.246627265,10181592.054050885,4.842877388e-08,29.237037924,36.753377216,0.000000000e+00
253,379.500000000,9473781.903867094,5941213.252142041,10210835.820846921,4.842877388e-08,29.222073681,36.611837415,0.000000000e+00
254,381.000000000,9444894.357821099,5935420.164901669,10239723.366892900,3.352761269e-08,29.207420139,36.470013959,0.000000000e+00
255,382.500000000,9416357.634132877,5929668.195973719,10268260.090581160,7.078051567e-08,29.193063444,36.328538538,0.000000000e+00
256,384.000000000,9388164.697272472,5923955.641157366,10296453.027441557,6.332993507e-08,29.178990239,36.188171067,0.000000000e+00
257,385.500000000,9360307.517716719,5918280.881725002,10324310.206997314,6.705522537e-08,29.165187719,36.049307059,0.000000000e+00
258,387.000000000,9332777.847543541,5912642.384902259,10351839.877170479,5.215406418e-08,29.151643682,35.912156401,0.000000000e+00
259,388.500000000,9305568.276072975,5907038.704086875,10379049.448641026,3.725290298e-08,29.138346565,35.776672371,0.000000000e+00
260,390.000000000,9278672.614897985,5901468.478793989,10405945.109816020,3.725290298e-08,29.125285486,35.642694916,0.000000000e+00
261,391.500000000,9252085.249138873,5895930.434312388,10432532.475575140,4.470348358e-08,29.112450276,35.510089233,0.000000000e+00
262,393.000000000,9225800.886601344,5890423.383016641,10458816.838112677,5.215406418e-08,29.099831505,35.378644898,0.000000000e+00
263,394.500000000,9199815.773345787,5884946.230328050,10484801.951368226,4.470348358e-08,29.087420484,35.248020404,0.000000000e+00
264,396.000000000,9174125.154734395,5879497.958855070,10510492.569979588,1.490116119e-08,29.075209262,35.117932194,0.000000000e+00
265,397.500000000,9148724.174973143,5874077.627973005,10535893.549740853,2.980232239e-08,29.063190610,34.988304578,0.000000000e+00
266,399.000000000,9123608.321334539,5868684.374975923,10561009.403379451,2.235174179e-08,29.051357987,34.859107312,0.000000000e+00
267,400.500000000,9098773.192422850,5863317.414272181,10585844.532291131,1.490116119e-08,29.039705505,34.730338222,0.000000000e+00
268,402.000000000,9074214.306693522,5857976.035487074,10610403.418020498,5.215406418e-08,29.028227874,34.601943756,0.000000000e+00
269,403.500000000,9049926.822503660,5852659.600811807,10634690.902210342,3.725290298e-08,29.016920346,34.474353631,0.000000000e+00
270,405.000000000,9025905.683242155,5847367.541863378,10658712.041471848,3.725290298e-08,29.005778653,34.347725889,0.000000000e+00
271,406.500000000,9002145.858907303,5842099.356224496,10682471.865806703,3.725290298e-08,28.994798946,34.222100447,0.000000000e+00
272,408.000000000,8978642.800316481,5836854.603791089,10705974.924397551,6.705522537e-08,28.983977722,34.097409206,0.000000000e+00
273,409.500000000,8955392.876334149,5831632.906629113,10729224.848379863,4.470348358e-08,28.973311766,33.973416087,0.000000000e+00
274,411.000000000,8932393.525668975,5826433.941887943,10752224.199045032,4.097819328e-08,28.962798046,33.849730121,0.000000000e+00
275,412.500000000,8909643.139969818,5821257.431971112,10774974.584744209,5.960464478e-08,28.952433580,33.725975679,0.000000000e+00
276,414.000000000,8887140.469914040,5816103.145306717,10797477.254800009,8.195638657e-08,28.942215398,33.602021882,0.000000000e+00
277,415.500000000,8864883.618855186,5810970.891810118,10819734.105858827,4.470348358e-08,28.932140477,33.478065068,0.000000000e+00
278,417.000000000,8842869.437465843,5805860.518357539,10841748.287248181,5.960464478e-08,28.922205684,33.354507138,0.000000000e+00
279,418.500000000,8821093.545613181,5800771.904276310,10863524.179100795,7.450580597e-09,28.912407731,33.231783019,0.000000000e+00
280,420.000000000,8799550.755575445,5795704.956879509,10885066.969138574,5.215406418e-08,28.902743129,33.110199772,0.000000000e+00
281,421.500000000,8778235.578239387,5790659.607082493,10906382.146474646,6.705522537e-08,28.893208150,32.989929300,0.000000000e+00
282,423.000000000,8757142.541659134,5785635.805144051,10927475.183054890,5.960464478e-08,28.883798794,32.871149704,0.000000000e+00
283,424.500000000,8736266.261969849,5780633.516573012,10948351.462744169,5.215406418e-08,28.874510769,32.753901615,0.000000000e+00
284,426.000000000,8715601.934147298,5775652.718237832,10969015.790566709,4.097819328e-08,28.865339466,32.638093468,0.000000000e+00
285,427.500000000,8695145.958854383,5770693.394713742,10989471.765859617,3.352761269e-08,28.856279951,32.523405644,0.000000000e+00
286,429.000000000,8674895.601239450,5765755.534897331,11009722.123474564,4.842877388e-08,28.847326961,32.409428825,0.000000000e+00
287,430.500000000,8654848.275927983,5760839.128921160,11029769.448786043,5.960464478e-08,28.838474909,32.296052620,0.000000000e+00
288,432.000000000,8635001.221739125,5755944.165391310,11049616.502974886,4.470348358e-08,28.829717894,32.183326747,0.000000000e+00
289,433.500000000,8615351.745894574,5751070.628954543,11069265.978819454,5.960464478e-08,28.821049722,32.071275941,0.000000000e+00
290,435.000000000,8595897.049213836,5746218.498203850,11088720.675500169,3.725290298e-08,28.812463936,31.960046519,0.000000000e+00
291,436.500000000,8576633.812807430,5741387.743930314,11107983.911906553,1.490116119e-08,28.803953843,31.849901484,0.000000000e+00
292,438.000000000,8557558.325712446,5736578.327713892,11127059.399001533,1.490116119e-08,28.795512563,31.741009727,0.000000000e+00
293,439.500000000,8538666.940122643,5731790.200856831,11145950.784591366,4.470348358e-08,28.787133063,31.633373045,0.000000000e+00
294,441.000000000,8519956.351662418,5727023.303661940,11164661.373051584,3.725290298e-08,28.778808212,31.526897711,0.000000000e+00
295,442.500000000,8501423.674402293,5722277.565041877,11183194.050311724,5.215406418e-08,28.770530827,31.421470672,0.000000000e+00
296,444.000000000,8483066.529174730,5717552.902437826,11201551.195539284,4.842877388e-08,28.762293720,31.317006744,0.000000000e+00
297,445.500000000,8464882.576582182,5712849.222030450,11219735.148131827,4.470348358e-08,28.754089742,31.213476933,0.000000000e+00
298,447.000000000,8446869.237341380,5708166.419752332,11237748.487372605,1.862645149e-08,28.745911830,31.110889060,0.000000000e+00
299,448.500000000,8429023.689913342,5703504.381263245,11255594.034800669,4.470348358e-08,28.737753056,31.009345275,0.000000000e+00
300,450.000000000,8411342.661466813,5698862.936078151,11273275.063247168,1.490116119e-08,28.729606667,30.909073542,0.000000000e+00
301,451.500000000,8393822.256960751,5694241.876299111,11290795.467753215,0.000000000e+00,28.721466125,30.810381459,0.000000000e+00
302,453.000000000,8376457.991752968,5689641.094444294,11308159.732961036,3.725290298e-08,28.713325150,30.713583463,0.000000000e+00
303,454.500000000,8359245.004449376,5685060.469076103,11325372.720264615,2.607703209e-08,28.705177751,30.618930691,0.000000000e+00
304,456.000000000,8342178.374107665,5680499.866941285,11342439.350606322,2.235174179e-08,28.697018256,30.526551657,0.000000000e+00
305,457.500000000,8325253.470067437,5675959.147115872,11359364.254646583,5.215406418e-08,28.688841339,30.436417165,0.000000000e+00
306,459.000000000,8308466.258917576,5671438.164247124,11376151.465796446,5.587935448e-08,28.680642039,30.348341181,0.000000000e+00
307,460.500000000,8291813.513919062,5666936.771236507,11392804.210794931,2.607703209e-08,28.672415776,30.262009891,0.000000000e+00
308,462.000000000,8275292.923250026,5662454.821549697,11409324.801463960,1.862645149e-08,28.664158354,30.177017631,0.000000000e+00
309,463.500000000,8258903.130844298,5657992.171254964,11425714.593869708,4.097819328e-08,28.655865965,30.092894986,0.000000000e+00
310,465.000000000,8242643.739452244,5653548.680843877,11441973.985261723,0.000000000e+00,28.647535194,30.009131170,0.000000000e+00
311,466.500000000,8226515.254282163,5649124.216862749,11458102.470431821,1.862645149e-08,28.639163021,29.925213647,0.000000000e+00
312,468.000000000,8210518.892430504,5644718.653370954,11474098.832283521,5.960464478e-08,28.630746828,29.840704247,0.000000000e+00
313,469.500000000,8194656.234343257,5640331.873234585,11489961.490370734,2.235174179e-08,28.622284395,29.755321089,0.000000000e+00
314,471.000000000,8178928.821603778,5635963.769257190,11505688.903110212,2.235174179e-08,28.613773900,29.668970683,0.000000000e+00
315,472.500000000,8163337.833321205,5631614.245143224,11521279.891392812,5.215406418e-08,28.605213898,29.581727329,0.000000000e+00
316,474.000000000,8147883.884063661,5627283.216294416,11536733.840650350,4.470348358e-08,28.596603300,29.493803765,0.000000000e+00
317,475.500000000,8132567.256646588,5622970.610441100,11552050.468067383,7.450580597e-09,28.587941349,29.405555102,0.000000000e+00
318,477.000000000,8117387.164295123,5618676.368116208,11567230.560418887,4.470348358e-08,28.579227592,29.317376466,0.000000000e+00
319,478.500000000,8102341.562095637,5614400.429181464,11582276.162618360,2.980232239e-08,28.570461847,29.229688488,0.000000000e+00
320,480.000000000,8087427.850140288,5610142.711466276,11597189.874573693,1.490116119e-08,28.561644178,29.142892725,0.000000000e+00
321,481.500000000,8072643.140105478,5605903.205022975,11611974.584608527,3.725290298e-08,28.552774861,29.057273148,0.000000000e+00
322,483.000000000,8057984.548601834,5601681.915147010,11626633.176112158,2.607703209e-08,28.543854365,28.973034596,0.000000000e+00
323,484.500000000,8043449.168669078,5597478.856434944,11641168.556044923,3.725290298e-08,28.534883321,28.890319008,0.000000000e+00
324,486.000000000,8029034.151204996,5593294.053398410,11655583.573508982,1.117587090e-08,28.525862508,28.809115997,0.000000000e+00
325,487.500000000,8014736.983346984,5589127.540638628,11669880.741367003,2.235174179e-08,28.516792816,28.729080814,0.000000000e+00
326,489.000000000,8000556.272465197,5584979.362730034,11684061.452248769,0.000000000e+00,28.507675227,28.649253289,0.000000000e+00
327,490.500000000,7986491.281546663,5580849.573879530,11698126.443167308,3.725290298e-09,28.498510792,28.569084100,0.000000000e+00
328,492.000000000,7972540.149516273,5576738.237492247,11712077.575197721,2.980232239e-08,28.489300613,28.489053633,0.000000000e+00
329,493.500000000,7958699.492207933,5572645.425582163,11725918.232506076,4.470348358e-08,28.480045824,28.409955928,0.000000000e+00
330,495.000000000,7944965.279457229,5568571.218018359,11739652.445256781,4.470348358e-08,28.470747578,28.332323529,0.000000000e+00
331,496.500000000,7931333.779440238,5564515.705519676,11753283.945273770,4.097819328e-08,28.461407017,28.256348513,0.000000000e+00
332,498.000000000,7917801.949420680,5560478.981850438,11766815.775293279,-7.450580597e-09,28.452025282,28.182061083,0.000000000e+00
333,499.500000000,7904367.528043905,5556461.147048047,11780250.196670091,2.980232239e-08,28.442603496,28.109382086,0.000000000e+00
334,501.000000000,7891028.857977588,5552462.288606398,11793588.866736427,4.842877388e-08,28.433142755,28.038135570,0.000000000e+00
335,502.500000000,7877784.564657409,5548482.482645779,11806833.160056567,7.450580597e-09,28.423644128,27.968137071,0.000000000e+00
336,504.000000000,7864633.283062869,5544521.802566694,11819984.441651145,4.842877388e-08,28.414108654,27.899262849,0.000000000e+00
337,505.500000000,7851573.543592501,5540580.317992770,11833044.181121508,4.097819328e-08,28.404537343,27.831438669,0.000000000e+00
338,507.000000000,7838603.824295916,5536658.102630326,11846013.900418082,2.980232239e-08,28.394931173,27.764592849,0.000000000e+00
339,508.500000000,7825722.670062182,5532755.236548224,11858895.054651801,1.490116119e-08,28.385291092,27.698631671,0.000000000e+00
340,510.000000000,7812928.893975919,5528871.803093167,11871688.830738073,2.607703209e-08,28.375618006,27.633334485,0.000000000e+00
341,511.500000000,7800221.986422145,5525007.877196180,11884395.738291822,0.000000000e+00,28.365912763,27.568188308,0.000000000e+00
342,513.000000000,7787602.091165933,5521163.529509574,11897015.633548040,7.450580597e-09,28.356176125,27.502705836,0.000000000e+00
343,514.500000000,7775069.217296086,5517338.831056606,11909548.507417919,3.725290298e-08,28.346408743,27.436864123,0.000000000e+00
344,516.000000000,7762622.678105116,5513533.853249034,11921995.046608873,2.235174179e-08,28.336611158,27.370975909,0.000000000e+00
345,517.500000000,7750261.283773207,5509748.666558587,11934356.440940769,1.117587090e-08,28.326783817,27.305316903,0.000000000e+00
346,519.000000000,7737983.847570584,5505983.339023648,11946633.877143379,-3.725290298e-09,28.316927104,27.239961467,0.000000000e+00
347,520.500000000,7725789.526929076,5502237.934926604,11958828.197784930,4.097819328e-08,28.307041374,27.174834513,0.000000000e+00
348,522.000000000,7713677.893330364,5498512.513712564,11970939.831383627,2.235174179e-08,28.297127000,27.109821063,0.000000000e+00
349,523.500000000,7701648.837179680,5494807.128088762,11982968.887534300,1.490116119e-08,28.287184414,27.044842956,0.000000000e+00
350,525.000000000,7689702.840872137,5491121.813486801,11994914.883841868,3.725290298e-08,28.277214153,26.979261540,0.000000000e+00
351,526.500000000,7677842.309423824,5487456.593359099,12006775.415290175,3.352761269e-08,28.267216891,26.911320685,0.000000000e+00
352,528.000000000,7666068.597081330,5483811.486651225,12018549.127632657,2.235174179e-08,28.257193448,26.841078030,0.000000000e+00
353,529.500000000,7654381.156186675,5480186.507747115,12030236.568527354,6.332993507e-08,28.247144782,26.769463066,0.000000000e+00
354,531.000000000,7642778.836035174,5476581.665553428,12041838.888678817,2.607703209e-08,28.237071965,26.697235393,0.000000000e+00
355,532.500000000,7631260.492050679,5472996.962567630,12053357.232663319,2.980232239e-08,28.226976131,26.624828983,0.000000000e+00
356,534.000000000,7619825.136411961,5469432.394214235,12064792.588302046,4.097819328e-08,28.216858419,26.552449290,0.000000000e+00
357,535.500000000,7608471.929348164,5465887.948454310,12076145.795365835,3.352761269e-08,28.206719907,26.480183573,0.000000000e+00
358,537.000000000,7597200.129617438,5462363.605595871,12087417.595096560,2.980232239e-08,28.196561587,26.408069836,0.000000000e+00
359,538.500000000,7586009.044351299,5458859.338236454,12098608.680362724,5.587935448e-08,28.186384395,26.336130961,0.000000000e+00
360,540.000000000,7574897.992638431,5455375.111289981,12109719.732075576,4.097819328e-08,28.176189271,26.264384661,0.000000000e+00
361,541.500000000,7563866.298658981,5451910.882066232,12120751.426055010,2.607703209e-08,28.165977239,26.192832857,0.000000000e+00
362,543.000000000,7552913.397686222,5448466.600376626,12131704.327027764,1.862645149e-08,28.155749449,26.121410735,0.000000000e+00
363,544.500000000,7542038.909297820,5445042.208689688,12142578.815416174,2.980232239e-08,28.145507195,26.050087325,0.000000000e+00
364,546.000000000,7531242.450207514,5441637.620279588,12153375.274506478,2.607703209e-08,28.135251904,25.978829993,0.000000000e+00
365,547.500000000,7520523.728607662,5438252.733639969,12164093.996106358,5.215406418e-08,28.124985100,25.907499826,0.000000000e+00
366,549.000000000,7509882.620664223,5434887.480519720,12174735.104049804,5.960464478e-08,28.114708366,25.835958569,0.000000000e+00
367,550.500000000,7499318.969000984,5431541.784629873,12185298.755712999,1.490116119e-08,28.104423314,25.764220480,0.000000000e+00
368,552.000000000,7488832.237300879,5428215.561931799,12195785.487413144,5.587935448e-08,28.094131552,25.692529454,0.000000000e+00
369,553.500000000,7478421.259591858,5424908.721415051,12206196.465122152,4.470348358e-08,28.083834667,25.621308613,0.000000000e+00
370,555.000000000,7468084.241691834,5421621.165748213,12216533.483022181,4.842877388e-08,28.073534211,25.551014075,0.000000000e+00
371,556.500000000,7457818.989733989,5418352.772307832,12226798.734979993,1.490116119e-08,28.063231699,25.481992182,0.000000000e+00
372,558.000000000,7447623.211645124,5415103.377840021,12236994.513068886,4.470348358e-08,28.052928625,25.414416416,0.000000000e+00
373,559.500000000,7437494.756867993,5411872.878974562,12247122.967846001,2.607703209e-08,28.042626468,25.348300654,0.000000000e+00
374,561.000000000,7427431.754186749,5408661.170151383,12257185.970527252,3.725290298e-08,28.032326710,25.283543666,0.000000000e+00
375,562.500000000,7417432.666816443,5405468.139294519,12267185.057897534,1.117587090e-08,28.022030845,25.219973894,0.000000000e+00
376,564.000000000,7407496.294972139,5402293.668598607,12277121.429741843,1.490116119e-08,28.011740383,25.157384409,0.000000000e+00
377,565.500000000,7397621.752154095,5399137.635236771,12286995.972559914,4.470348358e-08,28.001456853,25.095555721,0.000000000e+00
378,567.000000000,7387808.453383558,5395999.911990349,12296809.271330465,5.587935448e-08,27.991181794,25.034238780,0.000000000e+00
379,568.500000000,7378056.238823439,5392880.367798187,12306561.485890567,4.097819328e-08,27.980916756,24.973175434,0.000000000e+00
380,570.000000000,7368365.073234810,5389778.868245877,12316252.651479186,2.980232239e-08,27.970663289,24.912306799,0.000000000e+00
381,571.500000000,7358734.825905341,5386695.275994783,12325882.898808647,2.235174179e-08,27.960422936,24.851524415,0.000000000e+00
382,573.000000000,7349165.461108223,5383629.451153870,12335452.263605775,2.980232239e-08,27.950197229,24.790661030,0.000000000e+00
383,574.500000000,7339657.064091592,5380581.251625002,12344960.660622407,3.352761269e-08,27.939987682,24.729584618,0.000000000e+00
384,576.000000000,7330209.772585633,5377550.533377158,12354407.952128362,2.980232239e-08,27.929795792,24.668218365,0.000000000e+00
385,577.500000000,7320823.734202924,5374537.150660018,12363793.990511090,4.842877388e-08,27.919623032,24.606475104,0.000000000e+00
386,579.000000000,7311499.137961543,5371540.956197102,12373118.586752465,4.097819328e-08,27.909470858,24.544190829,0.000000000e+00
387,580.500000000,7302236.147200472,5368561.801368197,12382381.577513536,4.097819328e-08,27.899340704,24.481428186,0.000000000e+00
388,582.000000000,7293034.801782230,5365599.536365795,12391582.922931783,4.470348358e-08,27.889233988,24.418321100,0.000000000e+00
389,583.500000000,7283894.993302842,5362654.010310052,12400722.731411185,5.960464478e-08,27.879152107,24.354985950,0.000000000e+00
390,585.000000000,7274816.478365831,5359725.071331065,12409801.246348204,6.705522537e-08,27.869096441,24.291530435,0.000000000e+00
391,586.500000000,7265798.908156554,5356812.566619903,12418818.816557463,5.215406418e-08,27.859068346,24.228047748,0.000000000e+00
392,588.000000000,7256841.868246652,5353916.342448089,12427775.856467383,6.705522537e-08,27.849069160,24.164606554,0.000000000e+00
393,589.500000000,7247944.914229387,5351036.244154480,12436672.810484618,3.725290298e-08,27.839100191,24.101253019,0.000000000e+00
394,591.000000000,7239107.586819704,5348172.116096282,12445510.137894295,3.352761269e-08,27.829162722,24.038023967,0.000000000e+00
395,592.500000000,7230329.405175962,5345323.801556313,12454288.319538044,3.725290298e-08,27.819258000,23.974960522,0.000000000e+00
396,594.000000000,7221609.849379403,5342491.142590920,12463007.875334589,2.607703209e-08,27.809387236,23.912115138,0.000000000e+00
397,595.500000000,7212948.343119571,5339673.979852004,12471669.381594412,1.490116119e-08,27.799551599,23.849552318,0.000000000e+00
398,597.000000000,7204344.241335577,5336872.152272368,12480273.483378422,3.352761269e-08,27.789752213,23.787346175,0.000000000e+00
399,598.500000000,7195796.827329128,5334085.496036071,12488820.897384889,5.215406418e-08,27.779990149,23.725572562,0.000000000e+00
400,600.000000000,7187305.328653362,5331313.843359589,12497312.396060660,5.587935448e-08,27.770266428,23.664295913,0.000000000e+00
